{
  "AroundMouse": {
    "Width": 600,
    "Height": 400,
    "Margin": 30
  },
  "Audio": {
    "SeparateFilePerSource": false,
    "Enabled": true,
    "Microphones": [],
    "Speakers": [
      "扬声器 (Realtek High Definition Audio)"
    ],
    "Quality": 100
  },
  "Censored": [],
  "Clicks": {
    "RightClickColor": "3, 169, 244",
    "MiddleClickColor": "76, 175, 80",
    "Display": false,
    "Radius": 25,
    "Color": "255, 235, 59",
    "BorderThickness": 0,
    "BorderColor": "Black"
  },
  "CopyOutPathToClipboard": false,
  "Duration": 0,
  "Elapsed": {
    "Display": false,
    "FontFamily": "Arial",
    "FontSize": 50,
    "FontColor": "White",
    "BackgroundColor": "Teal",
    "HorizontalPadding": 15,
    "VerticalPadding": 15,
    "CornerRadius": 30,
    "BorderThickness": 0,
    "BorderColor": "158, 158, 158",
    "HorizontalAlignment": "Start",
    "VerticalAlignment": "End",
    "X": 80,
    "Y": 100
  },
  "FFmpeg": {
    "TwitchKey": "",
    "YouTubeLiveKey": "",
    "CustomCodecs": [],
    "CustomStreamingUrl": "rtmp://",
    "Resize": false,
    "ResizeWidth": 640,
    "ResizeHeight": 480,
    "X264": {
      "Preset": "ultrafast",
      "PixelFormat": "yuv420p"
    }
  },
  "FilenameFormat": "%yyyy%-%MM%-%dd%-%HH%-%mm%-%ss%",
  "ImageEditor": {
    "BrushColor": "27, 27, 27",
    "BrushSize": 2
  },
  "ImageOverlays": [],
  "Imgur": {
    "Anonymous": true,
    "AccessToken": "",
    "RefreshToken": "",
    "ExpiresAt": "0001-01-01T00:00:00"
  },
  "IncludeCursor": true,
  "Keystrokes": {
    "MaxTextLength": 15,
    "Timeout": 2,
    "HistoryCount": 6,
    "HistorySpacing": 10,
    "KeymapName": "en",
    "SeparateTextFile": false,
    "Display": false,
    "FontFamily": "Arial",
    "FontSize": 50,
    "FontColor": "White",
    "BackgroundColor": "Teal",
    "HorizontalPadding": 15,
    "VerticalPadding": 15,
    "CornerRadius": 30,
    "BorderThickness": 0,
    "BorderColor": "158, 158, 158",
    "HorizontalAlignment": "Start",
    "VerticalAlignment": "End",
    "X": 80,
    "Y": 100
  },
  "MousePointerOverlay": {
    "Display": false,
    "Radius": 25,
    "Color": "200, 239, 108, 0",
    "BorderThickness": 0,
    "BorderColor": "Black"
  },
  "PreStartCountdown": 0,
  "Proxy": {
    "Type": "System",
    "Host": "",
    "Port": 0,
    "Authenticate": false,
    "UserName": "",
    "Password": ""
  },
  "ScreenShots": {
    "ImageFormat": "Png",
    "SaveTargets": [
      "硬盘"
    ],
    "WindowShotTransparent": true
  },
  "Sounds": {
    "Items": {}
  },
  "TextOverlays": [],
  "Tray": {
    "LeftClickAction": "ShowMainWindow",
    "ShowNotifications": true,
    "MinToTrayOnStartup": false,
    "MinToTrayOnClose": false,
    "MinToTrayOnCaptureStart": false
  },
  "UI": {
    "DarkTheme": false,
    "MainWindowTopmost": false,
    "AccentColor": "#FF1BA1E2",
    "MainWindowLeft": 240,
    "MainWindowTop": 382,
    "Expanded": true,
    "HideOnFullScreenShot": true,
    "RegionSelectorDrawingTools": true,
    "Language": "zh-CN"
  },
  "Video": {
    "WriterKind": "FFmpeg",
    "Writer": "Mp4 (H.264, AAC)",
    "SourceKind": "窗口",
    "Source": "360导航_一个主页，整个世界 - 360极速浏览器 11.0",
    "Webcam": "无摄像头",
    "Quality": 100,
    "FrameRate": 30,
    "FpsLimit": true
  },
  "WebcamOverlay": {
    "SeparateFile": false,
    "Opacity": 100,
    "Resize": false,
    "ResizeWidth": 320,
    "ResizeHeight": 240,
    "HorizontalAlignment": "Start",
    "VerticalAlignment": "End",
    "X": 80,
    "Y": 100
  }
}