[
  {
    "Type": "File",
    "FileType": "Video",
    "FileName": "E:\\文档\\Captura\\2019-12-23-18-22-07.mp4"
  },
  {
    "Type": "File",
    "FileType": "Video",
    "FileName": "E:\\文档\\Captura\\2019-12-23-17-34-32.mp4"
  },
  {
    "Type": "File",
    "FileType": "Video",
    "FileName": "E:\\文档\\Captura\\2019-12-23-17-26-07.mp4"
  },
  {
    "Type": "File",
    "FileType": "Video",
    "FileName": "E:\\文档\\Captura\\2019-12-23-17-25-27.mp4"
  },
  {
    "Type": "File",
    "FileType": "Video",
    "FileName": "E:\\文档\\Captura\\2019-12-23-17-25-01.mp4"
  },
  {
    "Type": "File",
    "FileType": "Video",
    "FileName": "E:\\文档\\Captura\\2019-12-23-17-16-47.mp4"
  },
  {
    "Type": "File",
    "FileType": "Video",
    "FileName": "E:\\文档\\Captura\\2019-12-23-17-16-11.mp4"
  },
  {
    "Type": "File",
    "FileType": "Video",
    "FileName": "E:\\文档\\Captura\\2019-12-23-17-15-36.mp4"
  },
  {
    "Type": "File",
    "FileType": "Image",
    "FileName": "E:\\文档\\Captura\\2019-12-23-17-15-59.png"
  },
  {
    "Type": "File",
    "FileType": "Video",
    "FileName": "E:\\文档\\Captura\\2019-12-23-17-15-26.mp4"
  },
  {
    "Type": "File",
    "FileType": "Video",
    "FileName": "E:\\文档\\Captura\\2019-12-23-17-15-21.mp4"
  },
  {
    "Type": "File",
    "FileType": "Video",
    "FileName": "E:\\文档\\Captura\\2019-12-23-17-14-02.mp4"
  },
  {
    "Type": "File",
    "FileType": "Video",
    "FileName": "E:\\文档\\Captura\\2019-12-23-17-12-12.mp4"
  },
  {
    "Type": "File",
    "FileType": "Video",
    "FileName": "E:\\文档\\Captura\\2019-12-23-17-11-42.mp4"
  },
  {
    "Type": "File",
    "FileType": "Video",
    "FileName": "E:\\文档\\Captura\\2019-12-23-17-11-28.mp4"
  },
  {
    "Type": "File",
    "FileType": "Video",
    "FileName": "E:\\文档\\Captura\\2019-12-23-17-11-01.mp4"
  }
]